[
  {
    "id": "defect-1761590539707",
    "barcode": "BATCH1761589535098-07",
    "productId": 1761589031972,
    "productName": "Toshor Silk Sharee",
    "status": "sold",
    "store": "1761588414664",
    "addedBy": "Admin",
    "addedAt": "2025-10-27T18:42:19.708Z",
    "originalOrderId": null,
    "customerPhone": null,
    "costPrice": 1500,
    "originalSellingPrice": 2000,
    "sellingPrice": 300,
    "returnReason": "Defected",
    "image": "/uploads/defect-1761590539701.jpg",
    "soldAt": "2025-10-27T18:51:06.803Z",
    "updatedAt": "2025-10-27T18:51:06.803Z"
  },
  {
    "id": "defect-1761590750777",
    "barcode": "BATCH1761589571631-01",
    "productId": 1761589326964,
    "productName": "Shotoronji-Red",
    "status": "sold",
    "store": "1761588414664",
    "addedBy": "Admin",
    "addedAt": "2025-10-27T18:45:50.777Z",
    "originalOrderId": "sale-1761590354536",
    "customerPhone": "01818316964",
    "costPrice": 900,
    "originalSellingPrice": 1500,
    "sellingPrice": 500,
    "returnReason": "test",
    "image": "/uploads/defect-1761590750774.jpg",
    "soldAt": "2025-10-27T18:49:59.468Z",
    "updatedAt": "2025-10-27T18:49:59.468Z"
  },
  {
    "id": "defect-1761628880509",
    "barcode": "BATCH1761589535098-01",
    "productId": 1761589031972,
    "productName": "Toshor Silk Sharee",
    "status": "pending",
    "store": "1761588414664",
    "addedBy": "Admin",
    "addedAt": "2025-10-28T05:21:20.510Z",
    "originalOrderId": "sale-1761590413128",
    "customerPhone": "01818316964",
    "costPrice": 1500,
    "originalSellingPrice": 2000,
    "sellingPrice": null,
    "returnReason": "defected",
    "image": "/uploads/defect-1761628880502.jpg"
  },
  {
    "id": "defect-1762282235690",
    "barcode": "BATCH1761627972292-02",
    "productId": 1761589326965,
    "productName": "Shotoronji-Black",
    "status": "pending",
    "store": "1761588414664",
    "addedBy": "Admin",
    "addedAt": "2025-11-04T18:50:35.690Z",
    "originalOrderId": "sale-1762152675780",
    "customerPhone": "01818316964",
    "costPrice": 1000,
    "originalSellingPrice": 1200,
    "sellingPrice": null,
    "returnReason": "test",
    "image": null
  }
]