{
  "journalEntries": [
    {
      "id": "ORDER-1762158738079",
      "date": "2025-11-03T08:32:18.091Z",
      "type": "Social Order",
      "description": "Order from Customer - 1 items",
      "accounts": [
        {
          "account": "Accounts Receivable",
          "debit": 1260,
          "credit": 0
        },
        {
          "account": "Sales Revenue",
          "debit": 0,
          "credit": 1260
        }
      ],
      "createdAt": "2025-11-18T06:06:49.912Z"
    },
    {
      "id": "ORDER-1762157287093",
      "date": "2025-11-03T08:08:07.103Z",
      "type": "Social Order",
      "description": "Order from Customer - 1 items",
      "accounts": [
        {
          "account": "Accounts Receivable",
          "debit": 315,
          "credit": 0
        },
        {
          "account": "Sales Revenue",
          "debit": 0,
          "credit": 315
        }
      ],
      "createdAt": "2025-11-18T06:06:49.912Z"
    },
    {
      "id": "ORDER-1762155370927",
      "date": "2025-11-03T07:36:10.936Z",
      "type": "Social Order",
      "description": "Order from Customer - 1 items",
      "accounts": [
        {
          "account": "Accounts Receivable",
          "debit": 60,
          "credit": 0
        },
        {
          "account": "Sales Revenue",
          "debit": 0,
          "credit": 1260
        }
      ],
      "createdAt": "2025-11-18T06:06:49.912Z"
    },
    {
      "id": "ORDER-1762150540672",
      "date": "2025-11-03T06:15:40.684Z",
      "type": "Social Order",
      "description": "Order from Customer - 1 items",
      "accounts": [
        {
          "account": "Accounts Receivable",
          "debit": 260,
          "credit": 0
        },
        {
          "account": "Sales Revenue",
          "debit": 0,
          "credit": 1260
        }
      ],
      "createdAt": "2025-11-18T06:06:49.912Z"
    },
    {
      "id": "ORDER-1762149848691",
      "date": "2025-11-03T06:04:08.698Z",
      "type": "Social Order",
      "description": "Order from Customer - 1 items",
      "accounts": [
        {
          "account": "Accounts Receivable",
          "debit": 315,
          "credit": 0
        },
        {
          "account": "Sales Revenue",
          "debit": 0,
          "credit": 315
        }
      ],
      "createdAt": "2025-11-18T06:06:49.912Z"
    },
    {
      "id": "ORDER-1762147403637",
      "date": "2025-11-03T05:23:23.643Z",
      "type": "Social Order",
      "description": "Order from Customer - 1 items",
      "accounts": [
        {
          "account": "Accounts Receivable",
          "debit": 1575,
          "credit": 0
        },
        {
          "account": "Sales Revenue",
          "debit": 0,
          "credit": 1575
        }
      ],
      "createdAt": "2025-11-18T06:06:49.912Z"
    },
    {
      "id": "ORDER-1761591326143-EXCHANGE-2",
      "date": "2025-11-02T10:22:36.253Z",
      "type": "Order Exchange",
      "description": "Exchange for Order 1761591326143 - Additional charge ৳315",
      "accounts": [
        {
          "account": "Cash",
          "debit": 315,
          "credit": 0
        },
        {
          "account": "Sales Revenue",
          "debit": 0,
          "credit": 315
        }
      ],
      "createdAt": "2025-11-18T06:06:49.912Z"
    },
    {
      "id": "ORDER-1761591326143-EXCHANGE-1",
      "date": "2025-11-02T10:13:48.649Z",
      "type": "Order Exchange",
      "description": "Exchange for Order 1761591326143 - Refund ৳315",
      "accounts": [
        {
          "account": "Sales Returns",
          "debit": 315,
          "credit": 0
        },
        {
          "account": "Cash",
          "debit": 0,
          "credit": 315
        }
      ],
      "createdAt": "2025-11-18T06:06:49.912Z"
    },
    {
      "id": "ORDER-1761629380139",
      "date": "2025-10-28T05:29:40.146Z",
      "type": "Social Order",
      "description": "Order from Customer - 1 items",
      "accounts": [
        {
          "account": "Accounts Receivable",
          "debit": 170,
          "credit": 0
        },
        {
          "account": "Sales Revenue",
          "debit": 0,
          "credit": 470
        }
      ],
      "createdAt": "2025-11-18T06:06:49.912Z"
    },
    {
      "id": "ORDER-1761591326143-EXCHANGE-0",
      "date": "2025-10-28T05:25:50.934Z",
      "type": "Order Exchange",
      "description": "Exchange for Order 1761591326143 - Additional charge ৳1260",
      "accounts": [
        {
          "account": "Cash",
          "debit": 1260,
          "credit": 0
        },
        {
          "account": "Sales Revenue",
          "debit": 0,
          "credit": 1260
        }
      ],
      "createdAt": "2025-11-18T06:06:49.912Z"
    },
    {
      "id": "ORDER-1761591326143",
      "date": "2025-10-27T18:55:26.146Z",
      "type": "Social Order",
      "description": "Order from Customer - 1 items",
      "accounts": [
        {
          "account": "Accounts Receivable",
          "debit": 1575,
          "credit": 0
        },
        {
          "account": "Sales Revenue",
          "debit": 0,
          "credit": 1575
        }
      ],
      "createdAt": "2025-11-18T06:06:49.912Z"
    },
    {
      "id": "ORDER-1761591142036",
      "date": "2025-10-27T18:52:22.039Z",
      "type": "Social Order",
      "description": "Order from Customer - 1 items",
      "accounts": [
        {
          "account": "Accounts Receivable",
          "debit": 2100,
          "credit": 0
        },
        {
          "account": "Sales Revenue",
          "debit": 0,
          "credit": 2100
        }
      ],
      "createdAt": "2025-11-18T06:06:49.912Z"
    },
    {
      "id": "ORDER-1761590468510",
      "date": "2025-10-27T18:41:08.513Z",
      "type": "Social Order",
      "description": "Order from Customer - 1 items",
      "accounts": [
        {
          "account": "Sales Revenue",
          "debit": 0,
          "credit": 2100
        }
      ],
      "createdAt": "2025-11-18T06:06:49.912Z"
    }
  ],
  "ledgerAccounts": {
    "Sales Revenue": {
      "debit": 0,
      "credit": 13805,
      "balance": -13805,
      "entries": [
        {
          "date": "2025-10-27T18:41:08.513Z",
          "ref": "ORDER-1761590468510",
          "debit": 0,
          "credit": 2100,
          "balance": -2100
        },
        {
          "date": "2025-10-27T18:52:22.039Z",
          "ref": "ORDER-1761591142036",
          "debit": 0,
          "credit": 2100,
          "balance": -4200
        },
        {
          "date": "2025-10-27T18:55:26.146Z",
          "ref": "ORDER-1761591326143",
          "debit": 0,
          "credit": 1575,
          "balance": -5775
        },
        {
          "date": "2025-10-28T05:25:50.934Z",
          "ref": "ORDER-1761591326143-EXCHANGE-0",
          "debit": 0,
          "credit": 1260,
          "balance": -7035
        },
        {
          "date": "2025-11-02T10:22:36.253Z",
          "ref": "ORDER-1761591326143-EXCHANGE-2",
          "debit": 0,
          "credit": 315,
          "balance": -7350
        },
        {
          "date": "2025-10-28T05:29:40.146Z",
          "ref": "ORDER-1761629380139",
          "debit": 0,
          "credit": 470,
          "balance": -7820
        },
        {
          "date": "2025-11-03T05:23:23.643Z",
          "ref": "ORDER-1762147403637",
          "debit": 0,
          "credit": 1575,
          "balance": -9395
        },
        {
          "date": "2025-11-03T06:04:08.698Z",
          "ref": "ORDER-1762149848691",
          "debit": 0,
          "credit": 315,
          "balance": -9710
        },
        {
          "date": "2025-11-03T06:15:40.684Z",
          "ref": "ORDER-1762150540672",
          "debit": 0,
          "credit": 1260,
          "balance": -10970
        },
        {
          "date": "2025-11-03T07:36:10.936Z",
          "ref": "ORDER-1762155370927",
          "debit": 0,
          "credit": 1260,
          "balance": -12230
        },
        {
          "date": "2025-11-03T08:08:07.103Z",
          "ref": "ORDER-1762157287093",
          "debit": 0,
          "credit": 315,
          "balance": -12545
        },
        {
          "date": "2025-11-03T08:32:18.091Z",
          "ref": "ORDER-1762158738079",
          "debit": 0,
          "credit": 1260,
          "balance": -13805
        }
      ]
    },
    "Accounts Receivable": {
      "debit": 7630,
      "credit": 0,
      "balance": 7630,
      "entries": [
        {
          "date": "2025-10-27T18:52:22.039Z",
          "ref": "ORDER-1761591142036",
          "debit": 2100,
          "credit": 0,
          "balance": 2100
        },
        {
          "date": "2025-10-27T18:55:26.146Z",
          "ref": "ORDER-1761591326143",
          "debit": 1575,
          "credit": 0,
          "balance": 3675
        },
        {
          "date": "2025-10-28T05:29:40.146Z",
          "ref": "ORDER-1761629380139",
          "debit": 170,
          "credit": 0,
          "balance": 3845
        },
        {
          "date": "2025-11-03T05:23:23.643Z",
          "ref": "ORDER-1762147403637",
          "debit": 1575,
          "credit": 0,
          "balance": 5420
        },
        {
          "date": "2025-11-03T06:04:08.698Z",
          "ref": "ORDER-1762149848691",
          "debit": 315,
          "credit": 0,
          "balance": 5735
        },
        {
          "date": "2025-11-03T06:15:40.684Z",
          "ref": "ORDER-1762150540672",
          "debit": 260,
          "credit": 0,
          "balance": 5995
        },
        {
          "date": "2025-11-03T07:36:10.936Z",
          "ref": "ORDER-1762155370927",
          "debit": 60,
          "credit": 0,
          "balance": 6055
        },
        {
          "date": "2025-11-03T08:08:07.103Z",
          "ref": "ORDER-1762157287093",
          "debit": 315,
          "credit": 0,
          "balance": 6370
        },
        {
          "date": "2025-11-03T08:32:18.091Z",
          "ref": "ORDER-1762158738079",
          "debit": 1260,
          "credit": 0,
          "balance": 7630
        }
      ]
    },
    "Cash": {
      "debit": 1575,
      "credit": 315,
      "balance": 1260,
      "entries": [
        {
          "date": "2025-10-28T05:25:50.934Z",
          "ref": "ORDER-1761591326143-EXCHANGE-0",
          "debit": 1260,
          "credit": 0,
          "balance": 1260
        },
        {
          "date": "2025-11-02T10:13:48.649Z",
          "ref": "ORDER-1761591326143-EXCHANGE-1",
          "debit": 0,
          "credit": 315,
          "balance": 945
        },
        {
          "date": "2025-11-02T10:22:36.253Z",
          "ref": "ORDER-1761591326143-EXCHANGE-2",
          "debit": 315,
          "credit": 0,
          "balance": 1260
        }
      ]
    },
    "Sales Returns": {
      "debit": 315,
      "credit": 0,
      "balance": 315,
      "entries": [
        {
          "date": "2025-11-02T10:13:48.649Z",
          "ref": "ORDER-1761591326143-EXCHANGE-1",
          "debit": 315,
          "credit": 0,
          "balance": 315
        }
      ]
    }
  },
  "lastUpdated": "2025-11-18T06:06:49.913Z"
}