{
  "categories": [
    {
      "id": "cat-1761591409248",
      "name": "Rent",
      "type": "expense",
      "createdAt": "2025-10-27T18:56:49.248Z"
    }
  ],
  "transactions": [
    {
      "id": "txn-batch-1761589535098",
      "name": "Inventory Purchase - Batch BATCH1761589535098",
      "description": "Purchased 7 units @ ৳1500 each",
      "type": "expense",
      "amount": 10500,
      "category": "Inventory Purchase",
      "date": "2025-10-27T18:25:35.100Z",
      "comment": "Expected Revenue: ৳14000, Expected Profit: ৳3500",
      "createdAt": "2025-10-27T18:25:35.100Z",
      "source": "batch",
      "referenceId": "1761589535098"
    },
    {
      "id": "txn-batch-1761589571631",
      "name": "Inventory Purchase - Batch BATCH1761589571631",
      "description": "Purchased 5 units @ ৳900 each",
      "type": "expense",
      "amount": 4500,
      "category": "Inventory Purchase",
      "date": "2025-10-27T18:26:11.634Z",
      "comment": "Expected Revenue: ৳7500, Expected Profit: ৳3000",
      "createdAt": "2025-10-27T18:26:11.634Z",
      "source": "batch",
      "referenceId": "1761589571631"
    },
    {
      "id": "txn-batch-1761589593751",
      "name": "Inventory Purchase - Batch BATCH1761589593751",
      "description": "Purchased 5 units @ ৳200 each",
      "type": "expense",
      "amount": 1000,
      "category": "Inventory Purchase",
      "date": "2025-10-27T18:26:33.753Z",
      "comment": "Expected Revenue: ৳1500, Expected Profit: ৳500",
      "createdAt": "2025-10-27T18:26:33.753Z",
      "source": "batch",
      "referenceId": "1761589593751"
    },
    {
      "id": "txn-sale-sale-1761590354536",
      "name": "Sale: Shotoronji-Red",
      "description": "POS Sale to Mrittika",
      "type": "income",
      "amount": 1575,
      "category": "POS Sales",
      "date": "2025-10-27T18:39:15.022Z",
      "comment": "Items: 1, Cash: ৳1000, Card: ৳0, Bkash: ৳0, Nagad: ৳0, Due: ৳575",
      "createdAt": "2025-10-27T18:39:15.025Z",
      "source": "sale",
      "referenceId": "sale-1761590354536"
    },
    {
      "id": "txn-sale-sale-1761590413128",
      "name": "Sale: Toshor Silk Sharee",
      "description": "POS Sale to Sneha",
      "type": "income",
      "amount": 2100,
      "category": "POS Sales",
      "date": "2025-10-27T18:40:13.477Z",
      "comment": "Items: 1, Cash: ৳2100, Card: ৳0, Bkash: ৳0, Nagad: ৳0, Due: ৳0",
      "createdAt": "2025-10-27T18:40:13.485Z",
      "source": "sale",
      "referenceId": "sale-1761590413128"
    },
    {
      "id": "txn-order-1761590468510",
      "name": "Order: Toshor Silk Sharee",
      "description": "Social Order from Customer",
      "type": "income",
      "amount": 2100,
      "category": "Online Orders",
      "date": "2025-10-27T18:41:08.513Z",
      "comment": "Platform: Social Media, Products: 1, Cash: ৳0, Bkash: ৳0, Due: ৳0",
      "createdAt": "2025-10-27T18:41:08.514Z",
      "source": "order",
      "referenceId": "1761590468510"
    },
    {
      "id": "txn-sale-sale-1761590999112",
      "name": "Sale: Shotoronji-Red",
      "description": "POS Sale to Rumy Parvez",
      "type": "income",
      "amount": 525,
      "category": "POS Sales",
      "date": "2025-10-27T18:49:59.466Z",
      "comment": "Items: 1, Cash: ৳500, Card: ৳0, Bkash: ৳0, Nagad: ৳0, Due: ৳25",
      "createdAt": "2025-10-27T18:49:59.470Z",
      "source": "sale",
      "referenceId": "sale-1761590999112"
    },
    {
      "id": "txn-sale-sale-1761591066472",
      "name": "Sale: Toshor Silk Sharee",
      "description": "POS Sale to Rumy Parvez",
      "type": "income",
      "amount": 315,
      "category": "POS Sales",
      "date": "2025-10-27T18:51:06.801Z",
      "comment": "Items: 1, Cash: ৳315, Card: ৳0, Bkash: ৳0, Nagad: ৳0, Due: ৳0",
      "createdAt": "2025-10-27T18:51:06.805Z",
      "source": "sale",
      "referenceId": "sale-1761591066472"
    },
    {
      "id": "txn-order-1761591142036",
      "name": "Order: Toshor Silk Sharee",
      "description": "Social Order from Customer",
      "type": "income",
      "amount": 2100,
      "category": "Online Orders",
      "date": "2025-10-27T18:52:22.039Z",
      "comment": "Platform: Social Media, Products: 1, Cash: ৳0, Bkash: ৳0, Due: ৳2100",
      "createdAt": "2025-10-27T18:52:22.041Z",
      "source": "order",
      "referenceId": "1761591142036"
    },
    {
      "id": "txn-order-1761591326143",
      "name": "Order: Jhumka",
      "description": "Social Order from Customer",
      "type": "income",
      "amount": 315,
      "category": "Online Orders",
      "date": "2025-10-27T18:55:26.146Z",
      "comment": "Platform: Social Media, Products: 1, Cash: ৳0, Bkash: ৳0, Due: ৳315",
      "createdAt": "2025-10-27T18:55:26.147Z",
      "source": "order",
      "referenceId": "1761591326143"
    },
    {
      "id": "txn-1761591449497",
      "name": "Office Rent",
      "description": "Monthly",
      "type": "expense",
      "amount": 2000,
      "category": "Rent",
      "date": "2025-10-27",
      "comment": "",
      "receiptImage": "/uploads/receipts/receipt-1761591449496.jpeg",
      "createdAt": "2025-10-27T18:57:29.497Z",
      "source": "manual",
      "referenceId": ""
    },
    {
      "id": "txn-batch-1761627972292",
      "name": "Inventory Purchase - Batch BATCH1761627972292",
      "description": "Purchased 5 units @ ৳1000 each",
      "type": "expense",
      "amount": 5000,
      "category": "Inventory Purchase",
      "date": "2025-10-28T05:06:12.296Z",
      "comment": "Expected Revenue: ৳6000, Expected Profit: ৳1000",
      "createdAt": "2025-10-28T05:06:12.296Z",
      "source": "batch",
      "referenceId": "1761627972292"
    },
    {
      "id": "txn-exchange-order-1761591326143-1761629150941",
      "name": "Order Exchange - Additional Payment",
      "description": "Exchange adjustment for Order #1761591326143",
      "type": "income",
      "amount": 1260,
      "category": "Online Orders",
      "date": "2025-10-28T05:25:50.939Z",
      "comment": "Removed: Item (1). Added: Shotoronji-Red (1)",
      "createdAt": "2025-10-28T05:25:50.941Z",
      "source": "exchange",
      "referenceId": "order-1761591326143"
    },
    {
      "id": "txn-order-1761629380139",
      "name": "Order: Jhumka",
      "description": "Social Order from Customer",
      "type": "income",
      "amount": 470,
      "category": "Online Orders",
      "date": "2025-10-28T05:29:40.146Z",
      "comment": "Platform: Social Media, Products: 1, Cash: ৳0, Bkash: ৳0, Due: ৳170",
      "createdAt": "2025-10-28T05:29:40.150Z",
      "source": "order",
      "referenceId": "1761629380139"
    },
    {
      "id": "txn-sale-sale-1762069945479",
      "name": "Sale: Shotoronji-Red",
      "description": "POS Sale to Rumy Parvez",
      "type": "income",
      "amount": 1575,
      "category": "POS Sales",
      "date": "2025-11-02T07:52:26.023Z",
      "comment": "Items: 1, Cash: ৳0, Card: ৳100, Bkash: ৳0, Nagad: ৳0, Due: ৳1475",
      "createdAt": "2025-11-02T07:52:26.027Z",
      "source": "sale",
      "referenceId": "sale-1762069945479"
    },
    {
      "id": "txn-sale-sale-1762070311946",
      "name": "Sale: Shotoronji-Red",
      "description": "POS Sale to Rumy Parvez",
      "type": "income",
      "amount": 1575,
      "category": "POS Sales",
      "date": "2025-11-02T07:58:32.305Z",
      "comment": "Items: 1, Cash: ৳300, Card: ৳100, Bkash: ৳200, Nagad: ৳0, Due: ৳975",
      "createdAt": "2025-11-02T07:58:32.308Z",
      "source": "sale",
      "referenceId": "sale-1762070311946"
    },
    {
      "id": "txn-sale-sale-1762070526704",
      "name": "Sale: Toshor Silk Sharee",
      "description": "POS Sale to Rumy Parvez",
      "type": "income",
      "amount": 2120,
      "category": "POS Sales",
      "date": "2025-11-02T08:02:07.084Z",
      "comment": "Items: 1, Cash: ৳600, Card: ৳200, Bkash: ৳0, Nagad: ৳0, Due: ৳1320",
      "createdAt": "2025-11-02T08:02:07.088Z",
      "source": "sale",
      "referenceId": "sale-1762070526704"
    },
    {
      "id": "txn-exchange-order-1761591326143-1762078428653",
      "name": "Order Exchange - Refund",
      "description": "Exchange adjustment for Order #1761591326143",
      "type": "expense",
      "amount": 315,
      "category": "Online Orders",
      "date": "2025-11-02T10:13:48.652Z",
      "comment": "Removed: Item (1). Added: Shotoronji-Black (1)",
      "createdAt": "2025-11-02T10:13:48.653Z",
      "source": "exchange",
      "referenceId": "order-1761591326143"
    },
    {
      "id": "txn-exchange-order-1761591326143-1762078956258",
      "name": "Order Exchange - Additional Payment",
      "description": "Exchange adjustment for Order #1761591326143",
      "type": "income",
      "amount": 315,
      "category": "Online Orders",
      "date": "2025-11-02T10:22:36.257Z",
      "comment": "Removed: Item (1). Added: Shotoronji-Red (1)",
      "createdAt": "2025-11-02T10:22:36.258Z",
      "source": "exchange",
      "referenceId": "order-1761591326143"
    },
    {
      "id": "txn-order-1762147403637",
      "name": "Order: Shotoronji-Red",
      "description": "Social Order from Customer",
      "type": "income",
      "amount": 1575,
      "category": "Online Orders",
      "date": "2025-11-03T05:23:23.643Z",
      "comment": "Platform: Social Media, Products: 1, Cash: ৳0, Bkash: ৳0, Due: ৳1575",
      "createdAt": "2025-11-03T05:23:23.650Z",
      "source": "order",
      "referenceId": "1762147403637"
    },
    {
      "id": "txn-order-1762149848691",
      "name": "Order: Jhumka",
      "description": "Social Order from Customer",
      "type": "income",
      "amount": 315,
      "category": "Online Orders",
      "date": "2025-11-03T06:04:08.698Z",
      "comment": "Platform: Social Media, Products: 1, Cash: ৳0, Bkash: ৳0, Due: ৳315",
      "createdAt": "2025-11-03T06:04:08.704Z",
      "source": "order",
      "referenceId": "1762149848691"
    },
    {
      "id": "txn-order-1762150540672",
      "name": "Order: Shotoronji-Black",
      "description": "Social Order from Customer",
      "type": "income",
      "amount": 1260,
      "category": "Online Orders",
      "date": "2025-11-03T06:15:40.684Z",
      "comment": "Platform: Social Media, Products: 1, Cash: ৳0, Bkash: ৳0, Due: ৳260",
      "createdAt": "2025-11-03T06:15:40.691Z",
      "source": "order",
      "referenceId": "1762150540672"
    },
    {
      "id": "txn-sale-sale-1762152675780",
      "name": "Sale: Shotoronji-Black",
      "description": "POS Sale to Nilu",
      "type": "income",
      "amount": 1260,
      "category": "POS Sales",
      "date": "2025-11-03T06:51:16.532Z",
      "comment": "Items: 1, Cash: ৳1200, Card: ৳60, Bkash: ৳0, Nagad: ৳0, Due: ৳0",
      "createdAt": "2025-11-03T06:51:16.538Z",
      "source": "sale",
      "referenceId": "sale-1762152675780"
    },
    {
      "id": "txn-sale-sale-1762155327998",
      "name": "Sale: Shotoronji-Black",
      "description": "POS Sale to Raiyan",
      "type": "income",
      "amount": 1260,
      "category": "POS Sales",
      "date": "2025-11-03T07:35:28.508Z",
      "comment": "Items: 1, Cash: ৳1000, Card: ৳0, Bkash: ৳0, Nagad: ৳0, Due: ৳260",
      "createdAt": "2025-11-03T07:35:28.515Z",
      "source": "sale",
      "referenceId": "sale-1762155327998"
    },
    {
      "id": "txn-order-1762155370927",
      "name": "Order: Shotoronji-Black",
      "description": "Social Order from Customer",
      "type": "income",
      "amount": 1260,
      "category": "Online Orders",
      "date": "2025-11-03T07:36:10.936Z",
      "comment": "Platform: Social Media, Products: 1, Cash: ৳0, Bkash: ৳0, Due: ৳60",
      "createdAt": "2025-11-03T07:36:10.942Z",
      "source": "order",
      "referenceId": "1762155370927"
    },
    {
      "id": "txn-order-1762157287093",
      "name": "Order: Jhumka",
      "description": "Social Order from Customer",
      "type": "income",
      "amount": 315,
      "category": "Online Orders",
      "date": "2025-11-03T08:08:07.103Z",
      "comment": "Platform: Social Media, Products: 1, Cash: ৳0, Bkash: ৳0, Due: ৳315",
      "createdAt": "2025-11-03T08:08:07.107Z",
      "source": "order",
      "referenceId": "1762157287093"
    },
    {
      "id": "txn-order-1762158738079",
      "name": "Order: Shotoronji-Black",
      "description": "Social Order from Customer",
      "type": "income",
      "amount": 1260,
      "category": "Online Orders",
      "date": "2025-11-03T08:32:18.091Z",
      "comment": "Platform: Social Media, Products: 1, Cash: ৳0, Bkash: ৳0, Due: ৳1260",
      "createdAt": "2025-11-03T08:32:18.093Z",
      "source": "order",
      "referenceId": "1762158738079"
    },
    {
      "id": "txn-exchange-sale-sale-1762070311946-1762282517858",
      "name": "Sales Exchange - Additional Payment",
      "description": "Exchange adjustment for Sale #sale-1762070311946",
      "type": "income",
      "amount": 525,
      "category": "POS Sales",
      "date": "2025-11-04T18:55:17.856Z",
      "comment": "Removed: Item (1). Added: Toshor Silk Sharee (1)",
      "createdAt": "2025-11-04T18:55:17.858Z",
      "source": "exchange",
      "referenceId": "sale-sale-1762070311946"
    }
  ]
}